subreddit,post_id,title,body,score,upvote_ratio,num_comments,created_utc,author,url,flair,is_self_post
personalfinance,mock_0004,Any advice for someone drowning in student loan debt?,I owe $78k at 6.8% and make $45k/year. I can barely afford groceries. Is income-driven repayment worth it? I'm confused about all the plan options.,9120,0.95,876,2026-03-12 10:30:52,user_81482,https://www.reddit.com/r/personalfinance/comments/mock_0004/,,True
creditcards,mock_0016,Help understanding my credit card statement — minimum payment vs full balance,The minimum payment is $25 but the full balance is $340. If I pay the minimum am I OK? I don't understand how interest works.,6543,0.96,678,2026-03-15 23:30:52,user_30926,https://www.reddit.com/r/creditcards/comments/mock_0016/,,True
personalfinance,mock_0002,Should I pay off debt or build an emergency fund first?,I have $8k in credit card debt at 22% APR and $500 in savings. I keep getting conflicting advice. What should I prioritize?,5644,0.96,512,2026-03-11 16:30:52,user_39256,https://www.reddit.com/r/personalfinance/comments/mock_0002/,,True
povertyfinance,mock_0006,How do you guys track spending when you're living paycheck to paycheck?,"I'm making $1,800/month and bills eat almost all of it. Looking for insights on how to even start saving anything. Every budgeting app I try feels like it's for people who already have money.",4532,0.97,398,2026-03-12 22:30:52,user_14165,https://www.reddit.com/r/povertyfinance/comments/mock_0006/,,True
creditcards,mock_0015,"First credit card — confused about utilization, need advice",Just got my first card with a $500 limit. People say to keep utilization under 30% but I'm not sure if that means each month or overall. Any insights?,4231,0.97,489,2026-03-15 12:30:52,user_10851,https://www.reddit.com/r/creditcards/comments/mock_0015/,,True
venmo,mock_0012,Need advice: Venmo froze my account right before I needed to pay rent,Venmo randomly froze my account and I have $600 in there I need for rent. I submitted ID verification but no response. Anyone dealt with this?,3210,0.93,445,2026-03-14 18:30:52,user_81426,https://www.reddit.com/r/venmo/comments/mock_0012/,,True
personalfinance,mock_0001,How do I start budgeting? Completely lost,I'm 23 and have been spending everything I earn. I want to save but don't know where to begin. Any tips or apps you'd recommend for tracking spending?,3201,0.98,289,2026-03-11 08:30:52,user_46048,https://www.reddit.com/r/personalfinance/comments/mock_0001/,,True
creditcards,mock_0017,Should I close my old credit cards? Need advice,"I have 3 cards I don't use. Someone told me closing them hurts my score, others say it's fine. I'm confused about what to do.",3102,0.95,356,2026-03-16 05:30:52,user_65392,https://www.reddit.com/r/creditcards/comments/mock_0017/,,True
fintech,mock_0021,Are neobanks safe? Need advice before switching from traditional bank,Thinking of switching to Chime or Revolut. I'm not sure how safe they are compared to a regular bank. Can someone explain FDIC insurance for these?,2987,0.95,367,2026-03-17 04:30:52,user_22156,https://www.reddit.com/r/fintech/comments/mock_0021/,,True
banking,mock_0019,How do I understand my bank's overdraft fees? I keep getting hit,Every month I get a $35 overdraft fee at least once. I thought I had enough. Is there any way to avoid these or set up better alerts?,2341,0.92,287,2026-03-16 15:30:52,user_38221,https://www.reddit.com/r/banking/comments/mock_0019/,,True
povertyfinance,mock_0007,Is there any way to avoid the fees on Venmo and Cash App?,I'm getting charged every time I transfer to my bank account. These fees are killing me. Is there a way around it or a better app to use?,2187,0.93,234,2026-03-13 02:30:52,user_22280,https://www.reddit.com/r/povertyfinance/comments/mock_0007/,,True
paypal,mock_0013,PayPal charged me a fee I didn't expect — can someone explain goods & services vs friends?,I sold something on Facebook Marketplace and the buyer sent via goods & services. PayPal took 3.49%. Is that normal? How do I avoid this?,2045,0.91,267,2026-03-14 23:30:52,user_38893,https://www.reddit.com/r/paypal/comments/mock_0013/,,True
fintech,mock_0020,Which budgeting app actually gives useful insights? Need recommendations,"I've tried Mint, YNAB, and Copilot. Mint is dead, YNAB is confusing, Copilot seems promising. Any insights on what actually helps people control spending?",1876,0.93,223,2026-03-17 03:30:52,user_54118,https://www.reddit.com/r/fintech/comments/mock_0020/,,True
paypal,mock_0014,How do I dispute a PayPal charge? Seller sent wrong item,"Ordered electronics, got something completely different. I opened a dispute but I'm confused about the process. Any tips to make sure I win?",1876,0.94,312,2026-03-15 06:30:52,user_87236,https://www.reddit.com/r/paypal/comments/mock_0014/,,True
personalfinance,mock_0000,Need help understanding my first paycheck deductions,"Just started my first job and noticed a huge chunk taken out. Can someone explain what FICA, federal withholding, and state taxes are? I have no idea how to budget now.",1842,0.97,143,2026-03-11 06:30:52,user_24592,https://www.reddit.com/r/personalfinance/comments/mock_0000/,,True
CashApp,mock_0009,How do I get a refund from Cash App? Someone charged me twice,A vendor charged me twice for the same order. I need the money back ASAP. Does anyone know the process to dispute a charge?,1543,0.9,201,2026-03-13 20:30:52,user_88907,https://www.reddit.com/r/CashApp/comments/mock_0009/,,True
povertyfinance,mock_0005,Need help — transfer to cash app failed and I can't pay my electric bill,I tried sending money to my mom via Cash App but it keeps saying transfer failed. She needs to pay her electric bill today. Any idea why this happens?,1203,0.94,167,2026-03-12 12:30:52,user_87397,https://www.reddit.com/r/povertyfinance/comments/mock_0005/,,True
venmo,mock_0011,Venmo payment pending for 3 days — not sure what to do,I sent $200 to a friend and it's been pending for 3 days. They say they didn't receive it. Should I be worried? Can Venmo hold payments?,1123,0.89,178,2026-03-14 07:30:52,user_95181,https://www.reddit.com/r/venmo/comments/mock_0011/,,True
CashApp,mock_0010,Understanding Cash App fees — can someone explain the 1.5% instant transfer fee?,I just noticed I'm being charged 1.5% every time I send to my bank instantly. Is there a way to avoid this? Seems like a lot.,988,0.92,145,2026-03-13 23:30:52,user_83563,https://www.reddit.com/r/CashApp/comments/mock_0010/,,True
banking,mock_0018,Bank declined my international wire transfer — any advice?,Trying to send money to family overseas but my bank keeps declining. They say it's a compliance hold. Has anyone dealt with this? Any tips?,987,0.88,134,2026-03-16 09:30:52,user_46421,https://www.reddit.com/r/banking/comments/mock_0018/,,True
CashApp,mock_0008,Cash App keeps declining my payment — need help,I've tried sending $50 three times and it keeps getting declined. My balance is fine. Is this a known issue? Anyone else having this problem today?,876,0.88,132,2026-03-13 10:30:52,user_40495,https://www.reddit.com/r/CashApp/comments/mock_0008/,,True
personalfinance,mock_0003,"Payment failed on my rent — bank declined the ACH transfer, help!",My landlord tried to pull rent via ACH and it was declined even though I have the money. Not sure if it's a bank issue or what. Anyone know how to fix this fast?,743,0.91,98,2026-03-11 23:30:52,user_23434,https://www.reddit.com/r/personalfinance/comments/mock_0003/,,True
